0002,Github,732,https://github.com,tech,programacao,trabalho,codigo,ti
0578,Facebook,842,https://www.facebook.com,rede social,imagens,videos
0021,Youtube,860,https://www.youtube.com,rede social,videos,criacao de conteudo,google
0004,Netflix,800,https://www.netflix.com/br/,videos,arte,cinema,streaming
1567,Papagaio Pizzeria,137,https://papagaiospizzeria.com.br,comida,pizza,entrega
0001,Neopets,342,http://www.neopets.com,jogos,infantil
1337,Site Confiavel,002,http://www.site-seguro-confia.com.br,inseguro,virus
0240,Twitter,837,https://twitter.com,rede social,videos,imagens
0003,Google,999,https://www.google.com,buscador,ferramenta,google
0017,USP,657,https://www5.usp.br,faculdade,educacao
1337,Otro Site Confiavel,0,http://www.isso-nao-vai-passar.com,putz,virus,erro de chave
0707,uwu,420,https://www.kawaii.com,anime,fofo,desenho
0609,owo,069,https://www.nyah.com,anime,bot,animais
